{
    "loss": 0.47415003180503845,
    "accuracy": 0.9482758641242981
}