{
    "loss": 0.6417254209518433,
    "accuracy": 0.9655172228813171
}